{
  "Users with local encryption" : {
    "transaction" : "Users with local encryption",
    "sampleCount" : 1518,
    "errorCount" : 0,
    "errorPct" : 0.0,
    "meanResTime" : 379.31422924901227,
    "minResTime" : 14.0,
    "maxResTime" : 616.0,
    "pct1ResTime" : 499.10000000000014,
    "pct2ResTime" : 523.05,
    "pct3ResTime" : 577.81,
    "throughput" : 25.129953978081648,
    "receivedKBytesPerSec" : 446.30209281776644,
    "sentKBytesPerSec" : 3.8038504556666557
  },
  "Users with PG PGP Encryption" : {
    "transaction" : "Users with PG PGP Encryption",
    "sampleCount" : 671,
    "errorCount" : 0,
    "errorPct" : 0.0,
    "meanResTime" : 862.8733233979141,
    "minResTime" : 171.0,
    "maxResTime" : 1272.0,
    "pct1ResTime" : 1035.0,
    "pct2ResTime" : 1092.4,
    "pct3ResTime" : 1170.12,
    "throughput" : 11.091275744652716,
    "receivedKBytesPerSec" : 389.7760243623756,
    "sentKBytesPerSec" : 1.7438431590713743
  },
  "Total" : {
    "transaction" : "Total",
    "sampleCount" : 3431,
    "errorCount" : 0,
    "errorPct" : 0.0,
    "meanResTime" : 504.8971145438651,
    "minResTime" : 14.0,
    "maxResTime" : 1272.0,
    "pct1ResTime" : 866.0,
    "pct2ResTime" : 962.0,
    "pct3ResTime" : 1091.3599999999997,
    "throughput" : 56.712618598961946,
    "receivedKBytesPerSec" : 1292.2232126991803,
    "sentKBytesPerSec" : 8.268497124904956
  },
  "Users with TCP encryption" : {
    "transaction" : "Users with TCP encryption",
    "sampleCount" : 1242,
    "errorCount" : 0,
    "errorPct" : 0.0,
    "meanResTime" : 464.9879227053134,
    "minResTime" : 30.0,
    "maxResTime" : 737.0,
    "pct1ResTime" : 590.0,
    "pct2ResTime" : 612.8499999999999,
    "pct3ResTime" : 673.5699999999999,
    "throughput" : 20.544206434538086,
    "receivedKBytesPerSec" : 457.1487185716649,
    "sentKBytesPerSec" : 2.7285274170870895
  }
}