{
  "Users with local encryption" : {
    "transaction" : "Users with local encryption",
    "sampleCount" : 1141,
    "errorCount" : 0,
    "errorPct" : 0.0,
    "meanResTime" : 505.38825591586306,
    "minResTime" : 88.0,
    "maxResTime" : 864.0,
    "pct1ResTime" : 651.0,
    "pct2ResTime" : 703.8999999999999,
    "pct3ResTime" : 799.3199999999997,
    "throughput" : 18.89542104827358,
    "receivedKBytesPerSec" : 3335.0787201395215,
    "sentKBytesPerSec" : 2.8601467407054733
  },
  "Users with PG PGP Encryption" : {
    "transaction" : "Users with PG PGP Encryption",
    "sampleCount" : 197,
    "errorCount" : 0,
    "errorPct" : 0.0,
    "meanResTime" : 2984.1269035533005,
    "minResTime" : 731.0,
    "maxResTime" : 4151.0,
    "pct1ResTime" : 3696.2000000000003,
    "pct2ResTime" : 3745.7,
    "pct3ResTime" : 4088.2800000000007,
    "throughput" : 3.1891988149779023,
    "receivedKBytesPerSec" : 1122.2553931557688,
    "sentKBytesPerSec" : 0.5014267668080491
  },
  "Total" : {
    "transaction" : "Total",
    "sampleCount" : 1858,
    "errorCount" : 0,
    "errorPct" : 0.0,
    "meanResTime" : 939.866523143165,
    "minResTime" : 88.0,
    "maxResTime" : 4151.0,
    "pct1ResTime" : 1999.600000000035,
    "pct2ResTime" : 2927.0,
    "pct3ResTime" : 3705.41,
    "throughput" : 10.002153316106803,
    "receivedKBytesPerSec" : 2072.7791614516045,
    "sentKBytesPerSec" : 1.4682713918496986
  },
  "Users with TCP encryption" : {
    "transaction" : "Users with TCP encryption",
    "sampleCount" : 520,
    "errorCount" : 0,
    "errorPct" : 0.0,
    "meanResTime" : 1118.7519230769233,
    "minResTime" : 266.0,
    "maxResTime" : 1293.0,
    "pct1ResTime" : 1198.0,
    "pct2ResTime" : 1230.8,
    "pct3ResTime" : 1272.79,
    "throughput" : 8.527805566033095,
    "receivedKBytesPerSec" : 1874.9346577398037,
    "sentKBytesPerSec" : 1.1325991767387704
  }
}